ID,Pred
2025_1272_1280,0.6869565113659449
2025_1280_1281,0.5561627807148317
2025_1155_1280,0.5559088229682438
2025_1280_1285,0.5901848165787872
2025_1280_1417,0.41631913509166607
2025_1161_1280,0.3777826836697809
2025_1163_1280,0.7283169948752197
2025_1166_1280,0.6243937539905107
2025_1280_1423,0.6961612620785843
2025_1280_1429,0.3890450037204905
2025_1280_1303,0.8096191780661065
2025_1280_1433,0.3635928521117471
2025_1280_1435,0.5521017039431162
2025_1280_1307,0.4873278937128437
2025_1181_1280,0.8140509915076544
2025_1179_1280,0.34862403897546
2025_1280_1313,0.7253368621496641
2025_1280_1314,0.27165294563893794
2025_1279_1280,0.44983044765713054
2025_1188_1280,0.13056793920884185
2025_1196_1280,0.7044912481525897
2025_1280_1328,0.47567363039636945
2025_1280_1458,0.317111962388099
2025_1280_1459,0.6584008435954798
2025_1280_1332,0.47430165226538656
2025_1280_1463,0.5973676674885188
2025_1208_1280,0.3436606407306036
2025_1211_1280,0.84132492273684
2025_1213_1280,0.5109871615534093
2025_1280_1471,0.5754800391229548
2025_1280_1345,0.36565900106780597
2025_1219_1280,0.29114542148458916
2025_1222_1280,0.6262870809743114
2025_1280_1352,0.6964792964499452
2025_1228_1280,0.572336070991688
2025_1103_1280,0.5142826817764857
2025_1104_1280,0.5248737166354436
2025_1235_1280,0.5249135281878101
2025_1110_1280,0.30353578750365917
2025_1112_1280,0.6982627369122639
2025_1242_1280,0.7760583523662534
2025_1116_1280,0.5555322592531511
2025_1246_1280,0.7521415733710322
2025_1120_1280,0.45862988903916146
2025_1251_1280,0.32714782180096913
2025_1124_1280,0.5572671296620213
2025_1252_1280,0.3064810070030995
2025_1257_1280,0.6623592385414152
2025_1280_1385,0.584307837622742
2025_1280_1388,0.3332003115210686
2025_1136_1280,0.20860629930039937
2025_1266_1280,0.5716798602682008
2025_1140_1280,0.6424871788007834
2025_1280_1397,0.40556891559114805
2025_1270_1280,0.21484271896131793
2025_1268_1280,0.6080298484753031
2025_1280_1400,0.3635641764718049
2025_1280_1401,0.507315931458749
2025_1280_1403,0.5289025441409434
2025_1276_1280,0.5413447473154457
2025_1277_1280,0.6794176404717097
2025_1280_1407,0.6861386476102966
2025_1272_1281,0.7333171698083193
2025_1155_1272,0.36324054660737876
2025_1272_1285,0.7596286285433649
2025_1272_1417,0.6101666691411592
2025_1161_1272,0.21672214856506833
2025_1163_1272,0.5498833369910874
2025_1166_1272,0.4310272394035041
2025_1272_1423,0.8341043235403411
2025_1272_1429,0.5828750042408449
2025_1272_1303,0.9032136105835525
2025_1272_1433,0.5562882076478378
2025_1272_1435,0.7300903844492637
2025_1272_1307,0.6759488045215417
2025_1181_1272,0.6661113819349087
2025_1179_1272,0.19607732695801192
2025_1272_1313,0.8528342735228398
2025_1272_1314,0.45008253338734056
2025_1272_1279,0.7285529300897621
2025_1188_1272,0.06405302446028575
2025_1196_1272,0.5207072426219663
2025_1272_1328,0.6656404488686829
2025_1272_1458,0.5047096344065519
2025_1272_1459,0.8087782531531033
2025_1272_1332,0.6644148624952584
2025_1272_1463,0.7650240443644873
2025_1208_1272,0.19264343916002694
2025_1211_1272,0.7072816933246708
2025_1213_1272,0.3225788939445068
2025_1272_1471,0.7484119670986645
2025_1272_1345,0.5584884243533065
2025_1219_1272,0.1576619006574505
2025_1222_1272,0.43301017652985624
2025_1272_1352,0.8343123346046212
2025_1228_1272,0.37883113919731004
2025_1103_1272,0.32546803593778767
2025_1104_1272,0.33485131264000684
2025_1235_1272,0.3348868699706058
2025_1110_1272,0.16569946835544377
2025_1112_1272,0.5132813040789924
2025_1242_1272,0.6122882736133324
2025_1116_1272,0.36288784708839184
2025_1246_1272,0.5803391442033755
2025_1120_1272,0.27853086754338263
2025_1251_1272,0.18138164824982428
2025_1124_1272,0.3645144968777147
2025_1252_1272,0.16762915761135191
2025_1257_1272,0.4720104142958296
2025_1272_1385,0.7551735650341279
2025_1272_1388,0.5230260189531389
2025_1136_1272,0.10724005404629101
2025_1266_1272,0.3782005889706632
2025_1140_1272,0.4502339606940136
2025_1272_1397,0.5995525625021453
2025_1270_1272,0.11087061088796603
2025_1268_1272,0.41414339008877304
2025_1272_1400,0.5562576180386315
2025_1272_1401,0.6932124273478234
2025_1272_1403,0.7112893454587209
2025_1272_1276,0.6502617883008378
2025_1272_1277,0.508715035380866
2025_1272_1407,0.8275045134588739
2025_1155_1281,0.6106781761210646
2025_1281_1285,0.5347279748837062
2025_1281_1417,0.3627389908027809
2025_1161_1281,0.4320772774438505
2025_1163_1281,0.7705978057170398
2025_1166_1281,0.6756450014636902
2025_1281_1423,0.6464545196596928
2025_1281_1429,0.33694867115658306
2025_1281_1303,0.7724054884448751
2025_1281_1433,0.31315780091091616
2025_1281_1435,0.49589323258970935
2025_1281_1307,0.43136287692803066
2025_1181_1281,0.8458140131184115
2025_1179_1281,0.40143163370865487
2025_1281_1313,0.6781967852477664
2025_1281_1314,0.22937460903912926
2025_1279_1281,0.506058107070862
2025_1188_1281,0.15837657349602466
2025_1196_1281,0.7492031353306504
2025_1281_1328,0.41995067228299754
2025_1281_1458,0.2703851162312115
2025_1281_1459,0.6060127345914708
2025_1281_1332,0.41861109887418024
2025_1281_1463,0.5421287373396264
2025_1208_1281,0.3961736773372602
2025_1211_1281,0.8691778228835305
2025_1213_1281,0.5669812280070873
2025_1281_1471,0.519652867441925
2025_1281_1345,0.31507924199656856
2025_1219_1281,0.33978821757249733
2025_1222_1281,0.6774134555124671
2025_1281_1352,0.6467981858328085
2025_1228_1281,0.6264408678962683
2025_1103_1281,0.5702167811565694
2025_1104_1281,0.5805828391019819
2025_1235_1281,0.5806217124332586
2025_1110_1281,0.3532171708475075
2025_1112_1281,0.7435740045345709
2025_1242_1281,0.8128188784611305
2025_1116_1281,0.6103154989744463
2025_1246_1281,0.7917747039448518
2025_1120_1281,0.5149280039186171
2025_1251_1281,0.3785930868557984
2025_1124_1281,0.6119858890778427
2025_1252_1281,0.35639776864543476
2025_1257_1281,0.7108292626944412
2025_1281_1385,0.5286908093924174
2025_1281_1388,0.28509252252111317
2025_1136_1281,0.2482892081558568
2025_1266_1281,0.6258133992578542
2025_1140_1281,0.6924854938058184
2025_1281_1397,0.35253667264908584
2025_1270_1281,0.2553292202813243
2025_1268_1281,0.6602991637724364
2025_1281_1400,0.31313114581661816
2025_1281_1401,0.4510751203639175
2025_1281_1403,0.4725640051839265
2025_1276_1281,0.5966068876570735
2025_1277_1281,0.7264501909533678
2025_1281_1407,0.6356503944183322
2025_1155_1285,0.643202243098061
2025_1155_1417,0.4716948922574655
2025_1155_1161,0.6733884342552463
2025_1155_1163,0.31832163958052195
2025_1155_1166,0.4295624522508506
2025_1155_1423,0.7414742016148976
2025_1155_1429,0.44354979082294865
2025_1155_1303,0.8418553699376934
2025_1155_1433,0.41696542535019354
2025_1155_1435,0.6067632245548786
2025_1155_1307,0.5433561812620837
2025_1155_1181,0.22236575732296904
2025_1155_1179,0.7004981079479571
2025_1155_1313,0.767750294240655
2025_1155_1314,0.3182790925119196
2025_1155_1279,0.6049034386751385
2025_1155_1188,0.8928793447263107
2025_1155_1196,0.34430433533111676
2025_1155_1328,0.5317517836827519
2025_1155_1458,0.3676026367235356
2025_1155_1459,0.7069748351444524
2025_1155_1332,0.5303816735052661
2025_1155_1463,0.6500069149538256
2025_1155_1208,0.7050781989507949
2025_1155_1211,0.19100513455591053
2025_1155_1213,0.54503667948037
2025_1155_1471,0.62920462410515
2025_1155_1345,0.41913512027643285
2025_1155_1219,0.7529481244607917
2025_1155_1222,0.4275817412868547
2025_1155_1352,0.7417623999098819
2025_1155_1228,0.483308101175536
2025_1103_1155,0.4582447452128092
2025_1104_1155,0.46879557506465397
2025_1155_1235,0.5311732736490405
2025_1110_1155,0.2582519282910904
2025_1112_1155,0.6489624371487038
2025_1155_1242,0.26537287331776044
2025_1116_1155,0.49962300193272385
2025_1155_1246,0.29204823069371044
2025_1120_1155,0.40361696374863715
2025_1155_1251,0.7202477517462539
2025_1124_1155,0.5013802290987023
2025_1155_1252,0.7390813227807584
2025_1155_1257,0.38954540453561315
2025_1155_1385,0.6376187297295984
2025_1155_1388,0.38480911454744693
2025_1136_1155,0.17394761176299633
2025_1155_1266,0.4839772867301964
2025_1140_1155,0.5894321567106829
2025_1155_1397,0.46064325205469525
2025_1155_1270,0.8206177353341905
2025_1155_1268,0.4465942410583427
2025_1155_1400,0.4169352980676704
2025_1155_1401,0.563118096806691
2025_1155_1403,0.584263356781781
2025_1155_1276,0.5147046727775788
2025_1155_1277,0.37133572560171263
2025_1155_1407,0.7323716859872946
2025_1285_1417,0.33123068553010365
2025_1161_1285,0.4664866721006146
2025_1163_1285,0.7942630209195816
2025_1166_1285,0.7053603040703719
2025_1285_1423,0.6140485419977444
2025_1285_1429,0.30660274970734086
2025_1285_1303,0.7470264650056604
2025_1285_1433,0.2840366529771614
2025_1285_1435,0.461189285623949
2025_1285_1307,0.3976129480822464
2025_1181_1285,0.8630983912628774
2025_1179_1285,0.4352709847948579
2025_1285_1313,0.64711206184156
2025_1285_1314,0.20571114746366534
2025_1279_1285,0.5407493973573739
2025_1188_1285,0.17781367590325162
2025_1196_1285,0.7744293720209917
2025_1285_1328,0.38648676216634154
2025_1285_1458,0.24382946232810135
2025_1285_1459,0.5723520780355819
2025_1285_1332,0.38518304928600283
2025_1285_1463,0.5074462251879877
2025_1208_1285,0.4298881239863173
2025_1211_1285,0.8842016733345168
2025_1213_1285,0.600769266363684
2025_1285_1471,0.48488552044336963
2025_1285_1345,0.2858537789601512
2025_1219_1285,0.37165769537323823
2025_1222_1285,0.7070369940203947
2025_1285_1352,0.6144049193314423
2025_1228_1285,0.6583847479465612
2025_1103_1285,0.603928716220903
2025_1104_1285,0.6140320423978766
2025_1235_1285,0.614069876317424
2025_1110_1285,0.38561052409857033
2025_1112_1285,0.7691920129106568
2025_1242_1285,0.8330720555023238
2025_1116_1285,0.6428521445945089
2025_1246_1285,0.8137832202681087
2025_1120_1285,0.5495508388485741
2025_1251_1285,0.4118318253268939
2025_1124_1285,0.6444643125577348
2025_1252_1285,0.38890742044673676
2025_1257_1285,0.7385684438954845
2025_1285_1385,0.49394057444242
2025_1285_1388,0.25760238838507526
2025_1136_1285,0.27515342987305325
2025_1266_1285,0.6577816236866952
2025_1140_1285,0.7212943962293201
2025_1285_1397,0.32146752001002676
2025_1270_1285,0.282668723419771
2025_1268_1285,0.6907769193157417
2025_1285_1400,0.2840114516375281
2025_1285_1401,0.4169136784479201
2025_1285_1403,0.4380739177236021
2025_1276_1285,0.6295934635145828
2025_1277_1285,0.7532111519218406
2025_1285_1407,0.6028624871048857
2025_1161_1417,0.30219096925514244
2025_1163_1417,0.656601207690762
2025_1166_1417,0.5424783075932811
2025_1417_1423,0.7626039445655056
2025_1417_1429,0.4716794550733408
2025_1303_1417,0.14363095491881991
2025_1417_1433,0.44475667414055625
2025_1417_1435,0.6334603717487471
2025_1307_1417,0.42869276360332054
2025_1181_1417,0.7574288452090772
2025_1179_1417,0.2762761659711134
2025_1313_1417,0.21265433075113696
2025_1314_1417,0.6566468668381499
2025_1279_1417,0.3683569992446168
2025_1188_1417,0.09675057089483778
2025_1196_1417,0.629684008186612
2025_1328_1417,0.44016247792172775
2025_1417_1458,0.3943290118252362
2025_1417_1459,0.7298971168508515
2025_1332_1417,0.4415184287153501
2025_1417_1463,0.6753390991075783
2025_1208_1417,0.27191281495785957
2025_1211_1417,0.7908742704695756
2025_1213_1417,0.42703460093606954
2025_1417_1471,0.655243879482831
2025_1345_1417,0.5530519294758215
2025_1219_1417,0.22657660406821944
2025_1222_1417,0.5444833133799244
2025_1352_1417,0.23712758710832563
2025_1228_1417,0.48837026596276634
2025_1103_1417,0.4302650753961007
2025_1104_1417,0.4406957325478077
2025_1235_1417,0.4407350819415098
2025_1110_1417,0.23713836189457826
2025_1112_1417,0.6227231542657471
2025_1242_1417,0.71196078294903
2025_1116_1417,0.4713148315625888
2025_1246_1417,0.6839859792255063
2025_1120_1417,0.37665379173493085
2025_1251_1417,0.2574949535634128
2025_1124_1417,0.47306662462906673
2025_1252_1417,0.23966102047324117
2025_1257_1417,0.5831965657247757
2025_1385_1417,0.3366225707654405
2025_1388_1417,0.5880412254414116
2025_1136_1417,0.15825588238106236
2025_1266_1417,0.48770054048318573
2025_1140_1417,0.5617480896652403
2025_1397_1417,0.5111064111927299
2025_1270_1417,0.16329764165417937
2025_1268_1417,0.5252590473493598
2025_1400_1417,0.5552853191981731
2025_1401_1417,0.4092290647686105
2025_1403_1417,0.38849823484735546
2025_1276_1417,0.45706635450314803
2025_1277_1417,0.6018503282538773
2025_1407_1417,0.2460052078059443
2025_1161_1163,0.18466731683616638
2025_1161_1166,0.2675318468568637
2025_1161_1423,0.5817837533632749
2025_1161_1429,0.27882201507516907
2025_1161_1303,0.7208241905221933
2025_1161_1433,0.25754116099451196
2025_1161_1435,0.42804843253190045
2025_1161_1307,0.3659378807819897
2025_1161_1181,0.12180177585422641
2025_1161_1179,0.5314898255138109
2025_1161_1313,0.6158822716478687
2025_1161_1314,0.18463779539993308
2025_1161_1279,0.42614280865842147
2025_1161_1188,0.8016996040752048
2025_1161_1196,0.20298919458540327
2025_1161_1328,0.35517543948675506
2025_1161_1458,0.21993244969918124
2025_1161_1459,0.5392172520448403
2025_1161_1332,0.35391641802876966
2025_1161_1463,0.4739049589234966
2025_1161_1208,0.5369459827150963
2025_1161_1211,0.10274988224767793
2025_1161_1213,0.3675112737938294
2025_1161_1471,0.4514686406502087
2025_1161_1345,0.2592501596666029
2025_1161_1219,0.596488097681031
2025_1161_1222,0.26594993426172403
2025_1161_1352,0.5821496498543928
2025_1161_1228,0.3120962900764186
2025_1103_1161,0.6355549143121709
2025_1104_1161,0.6453252786574252
2025_1161_1235,0.3546435368180704
2025_1110_1161,0.4178658309411906
2025_1112_1161,0.792163342036701
2025_1161_1242,0.14908801678016367
2025_1116_1161,0.6730528992765922
2025_1161_1246,0.166727260464862
2025_1120_1161,0.5825175277474232
2025_1161_1251,0.5553092761303534
2025_1124_1161,0.6745977472375395
2025_1161_1252,0.5787525268355119
2025_1161_1257,0.2363549868880266
2025_1161_1385,0.4604574791341981
2025_1161_1388,0.23277105243966115
2025_1136_1161,0.30272174720301814
2025_1161_1266,0.31267187099607463
2025_1140_1161,0.7474677084472959
2025_1161_1397,0.29290886761036733
2025_1161_1270,0.689331018779618
2025_1161_1268,0.2813073965861468
2025_1161_1400,0.2575174649391216
2025_1161_1401,0.38468293496176065
2025_1161_1403,0.40534451773824404
2025_1161_1276,0.3396825865481502
2025_1161_1277,0.22269399559260256
2025_1161_1407,0.5703169289454058
2025_1163_1166,0.6172493794494787
2025_1163_1423,0.8599856641021149
2025_1163_1429,0.6305922457374694
2025_1163_1303,0.9193556470902396
2025_1163_1433,0.604985696395882
2025_1163_1435,0.7676791979500729
2025_1163_1307,0.7181669891553131
2025_1163_1181,0.37979776807778537
2025_1163_1179,0.8335775013168553
2025_1163_1313,0.8762271635555381
2025_1163_1314,0.49995858076383215
2025_1163_1279,0.7662873156837743
2025_1163_1188,0.946950514199514
2025_1163_1196,0.5293051819787996
2025_1163_1328,0.7086227131516719
2025_1163_1458,0.5545348533454886
2025_1163_1459,0.8378425750415158
2025_1163_1332,0.7074854419180552
2025_1163_1463,0.7990866435603459
2025_1163_1208,0.8365972145551779
2025_1163_1211,0.3358226003036619
2025_1163_1213,0.7195362281801246
2025_1163_1471,0.7842034088915896
2025_1163_1345,0.6071149828120901
2025_1163_1219,0.8671422490843971
2025_1163_1222,0.6153367861401909
2025_1163_1352,0.8601666637859038
2025_1163_1228,0.6670191127772696
2025_1103_1163,0.28314311494808886
2025_1104_1163,0.2918340892260258
2025_1163_1235,0.7081427862665121
2025_1110_1163,0.13984392136776863
2025_1112_1163,0.4633082721735199
2025_1163_1242,0.436174815620816
2025_1116_1163,0.3179907743965025
2025_1163_1246,0.46905684838861744
2025_1120_1163,0.24013680263763926
2025_1163_1251,0.8464749537896212
2025_1124_1163,0.3195171018812989
2025_1163_1252,0.8584803488708224
2025_1163_1257,0.5774471840999738
2025_1163_1385,0.7902726461336044
2025_1163_1388,0.5725691090119385
2025_1136_1163,0.08952758232396922
2025_1163_1266,0.6676140000344759
2025_1140_1163,0.4013377166421435
2025_1163_1397,0.6465189627196746
2025_1163_1270,0.9073806811721632
2025_1163_1268,0.6334590232247147
2025_1163_1400,0.6049560799013184
2025_1163_1401,0.7340663306073059
2025_1163_1403,0.7506020617778274
2025_1163_1276,0.6943131095172778
2025_1163_1277,0.558489799004505
2025_1163_1407,0.8542355541729957
2025_1166_1423,0.7920472716218243
2025_1166_1429,0.5142206083956425
2025_1166_1303,0.8760737499472667
2025_1166_1433,0.48710841446247377
2025_1166_1435,0.6720324897956532
2025_1166_1307,0.612427293297064
2025_1166_1181,0.27522600146362924
2025_1166_1179,0.7564540832109199
2025_1166_1313,0.8144693715879083
2025_1166_1314,0.38271829633959525
2025_1166_1279,0.6703136647939254
2025_1166_1188,0.9171440546300805
2025_1166_1196,0.41083723246403736
2025_1166_1328,0.6012901618574299
2025_1166_1458,0.43564643394028957
2025_1166_1459,0.7621316589232718
2025_1166_1332,0.599970454410403
2025_1166_1463,0.7115112244880823
2025_1166_1208,0.7604710736902007
2025_1166_1211,0.2386987489073059
2025_1166_1213,0.614034162262673
2025_1166_1471,0.6926359301951533
2025_1166_1345,0.48933676614209054
2025_1166_1219,0.8018764006574564
2025_1166_1222,0.49798524653995496
2025_1166_1352,0.7922948850420578
2025_1166_1228,0.5540067355377531
2025_1103_1166,0.3891076585196967
2025_1104_1166,0.39923973411700536
2025_1166_1235,0.6007330568888531
2025_1110_1166,0.20771934182609653
2025_1112_1166,0.5819607899921779
2025_1166_1242,0.32419448359904257
2025_1116_1166,0.4291887605211527
2025_1166_1246,0.35393391183460265
2025_1120_1166,0.33758596980938205
2025_1166_1251,0.7737058881986093
2025_1124_1166,0.4309115970251343
2025_1166_1252,0.7899899094059197
2025_1166_1257,0.458704760903188
2025_1166_1385,0.7002962603794667
2025_1166_1388,0.4537526208199571
2025_1136_1166,0.13686716039051494
2025_1166_1266,0.5546687262624199
2025_1140_1166,0.5194813033816005
2025_1166_1397,0.5314364972965537
2025_1166_1270,0.8586598808219524
2025_1166_1268,0.517299187618572
2025_1166_1400,0.48707745306273087
2025_1166_1401,0.6312287691587126
2025_1166_1403,0.6511198457417592
2025_1166_1276,0.5847979340334692
2025_1166_1277,0.43959019702884594
2025_1166_1407,0.7842071746661265
2025_1423_1429,0.21747959874936387
2025_1303_1423,0.35013002390447656
2025_1423_1433,0.19958494151740508
2025_1423_1435,0.34979951285977784
2025_1307_1423,0.7067807436790491
2025_1181_1423,0.9093414990921301
2025_1179_1423,0.5508183183506041
2025_1313_1423,0.4645563233054477
2025_1314_1423,0.860010046318826
2025_1279_1423,0.6519710974568929
2025_1188_1423,0.2559976334970414
2025_1196_1423,0.8452534539608753
2025_1328_1423,0.7163613834763899
2025_1423_1458,0.1685186157383268
2025_1423_1459,0.45687969729723965
2025_1332_1423,0.7174777502118819
2025_1423_1463,0.3930337479428704
2025_1208_1423,0.5453865150739807
2025_1211_1423,0.9239445828714404
2025_1213_1423,0.705374997563761
2025_1423_1471,0.37172090776543665
2025_1345_1423,0.7989903542389694
2025_1219_1423,0.48481540979983345
2025_1222_1423,0.7933751631162617
2025_1352_1423,0.49962350730952126
2025_1228_1423,0.7540738763909706
2025_1103_1423,0.7081088270748671
2025_1104_1423,0.7168008215038251
2025_1235_1423,0.7168332272785134
2025_1110_1423,0.49963839775337854
2025_1112_1423,0.8413235760170714
2025_1242_1423,0.8881431174614173
2025_1116_1423,0.7411817287126518
2025_1246_1423,0.8742573392219042
2025_1120_1423,0.6599812932980234
2025_1251_1423,0.5269630541235512
2025_1124_1423,0.7425278091805136
2025_1252_1423,0.5031118700089053
2025_1257_1423,0.8180060148835594
2025_1385_1423,0.6197776853772289
2025_1388_1423,0.8209592829421929
2025_1136_1423,0.37653623869109537
2025_1266_1423,0.7535764603380138
2025_1140_1423,0.8045920756887921
2025_1397_1423,0.7705500068799961
2025_1270_1423,0.3853484921982413
2025_1268_1423,0.7804188272700058
2025_1400_1423,0.8004382456255266
2025_1401_1423,0.6899387990112678
2025_1403_1423,0.6711425699274701
2025_1276_1423,0.7300404781813445
2025_1277_1423,0.829228208452587
2025_1407_1423,0.5117362775305544
2025_1303_1429,0.1302352621324323
2025_1429_1433,0.47291454235216057
2025_1429_1435,0.6593776203117737
2025_1307_1429,0.40116515063483893
2025_1181_1429,0.7359859074873492
2025_1179_1429,0.2541812658197217
2025_1313_1429,0.19428163734517703
2025_1314_1429,0.630639417736147
2025_1279_1429,0.34238184996399895
2025_1188_1429,0.08728153621459692
2025_1196_1429,0.602869406953211
2025_1328_1429,0.4124300475651269
2025_1429_1458,0.4217191248219841
2025_1429_1459,0.7516686706677278
2025_1332_1429,0.413763707376256
2025_1429_1463,0.6996989698755478
2025_1208_1429,0.2500463056460973
2025_1211_1429,0.7714959232025842
2025_1213_1429,0.39953900069405296
2025_1429_1471,0.6803979778702429
2025_1345_1429,0.5248753128381964
2025_1219_1429,0.20731779140232912
2025_1222_1429,0.5162390178800726
2025_1352_1429,0.21722383236997503
2025_1228_1429,0.4600967038242426
2025_1103_1429,0.40270766712446937
2025_1104_1429,0.4129544872548911
2025_1235_1429,0.41299318867958873
2025_1110_1429,0.21723396028974126
2025_1112_1429,0.5957281200153073
2025_1242_1429,0.6881533547594075
2025_1116_1429,0.4431733844029995
2025_1246_1429,0.6589738778218962
2025_1120_1429,0.3504181582769479
2025_1251_1429,0.2364114159214504
2025_1124_1429,0.4449086028506685
2025_1252_1429,0.21960583169952463
2025_1257_1429,0.5553925839608993
2025_1385_1429,0.3117806337481516
2025_1388_1429,0.5603167709867568
2025_1136_1429,0.14372512003063492
2025_1266_1429,0.45943093413146857
2025_1140_1429,0.5336574256937074
2025_1397_1429,0.48275857166309083
2025_1270_1429,0.14838556031395203
2025_1268_1429,0.49692410144090027
2025_1400_1429,0.5271291153374442
2025_1401_1429,0.38211533765860184
2025_1403_1429,0.3619165908539
2025_1276_1429,0.4290851823926352
2025_1277_1429,0.5743825683153673
2025_1407_1429,0.2255766322725529
2025_1303_1433,0.11843277227813878
2025_1303_1435,0.2247170723997914
2025_1303_1307,0.1826864893412984
2025_1181_1303,0.9490237678668934
2025_1179_1303,0.6947521169316893
2025_1303_1313,0.38308811553325417
2025_1303_1314,0.08063100524130341
2025_1279_1303,0.7766358289052611
2025_1188_1303,0.38973585827183843
2025_1196_1303,0.9102181365200757
2025_1303_1328,0.1758191133648036
2025_1303_1458,0.09844456135313999
2025_1303_1459,0.3118732867610928
2025_1303_1332,0.17502330359400659
2025_1303_1463,0.2586411896959043
2025_1208_1303,0.6900815384923324
2025_1211_1303,0.9575334197125948
2025_1213_1303,0.8163002424627961
2025_1303_1471,0.24171381088267388
2025_1303_1345,0.11936708082317224
2025_1219_1303,0.6359193439495594
2025_1222_1303,0.8769484451336165
2025_1303_1352,0.35047232075369167
2025_1228_1303,0.8505488823687037
2025_1103_1303,0.8182699739086515
2025_1104_1303,0.8244946176036154
2025_1235_1303,0.8245177171112519
2025_1110_1303,0.6495375196159183
2025_1112_1303,0.9077580308971708
2025_1242_1303,0.9364557665250557
2025_1116_1303,0.841652207152384
2025_1246_1303,0.9280818113153965
2025_1120_1303,0.7827329288184545
2025_1251_1303,0.6740170440312934
2025_1124_1303,0.842586730156393
2025_1252_1303,0.6526937323561106
2025_1257_1303,0.8929609765801999
2025_1303_1385,0.2484177229154991
2025_1303_1388,0.10514721519751097
2025_1136_1303,0.5285132828528324
2025_1266_1303,0.8502078370599929
2025_1140_1303,0.8842901505353781
2025_1303_1397,0.1382542444799327
2025_1270_1303,0.537814157596492
2025_1268_1303,0.8683630482676714
2025_1303_1400,0.11841983398844781
2025_1303_1401,0.19493040214676335
2025_1303_1403,0.20885967166041253
2025_1276_1303,0.8338664548172521
2025_1277_1303,0.9001255756618226
2025_1303_1407,0.33952233388772457
2025_1433_1435,0.6833031140174924
2025_1307_1433,0.3754072942708309
2025_1181_1433,0.7143759516460798
2025_1179_1433,0.23417042759037368
2025_1313_1433,0.17786190252531717
2025_1314_1433,0.6050340902069704
2025_1279_1433,0.31839157106199556
2025_1188_1433,0.07901805376957774
2025_1196_1433,0.5766313576253698
2025_1328_1433,0.3864156243792645
2025_1433_1458,0.44837249444393207
2025_1433_1459,0.7713594380051753
2025_1332_1433,0.38772067194261367
2025_1433_1463,0.7219864092061669
2025_1208_1433,0.23026049591229816
2025_1211_1433,0.7518123759408735
2025_1213_1433,0.3738203772372495
2025_1433_1471,0.7035108902378306
2025_1345_1433,0.4977769932325475
2025_1219_1433,0.19005619037544783
2025_1222_1433,0.4891275574337601
2025_1352_1433,0.199344858961635
2025_1228_1433,0.43329283810947694
2025_1103_1433,0.3769131071217974
2025_1104_1433,0.38692876819193345
2025_1235_1433,0.38696663831819517
2025_1110_1433,0.19935436558273847
2025_1112_1433,0.569355284046076
2025_1242_1433,0.6644134255374682
2025_1116_1433,0.4165946890762861
2025_1246_1433,0.6341934201859907
2025_1120_1433,0.3261440502478085
2025_1251_1433,0.21739176831743143
2025_1124_1433,0.4183040185532424
2025_1252_1433,0.20158129196421276
2025_1257_1433,0.5284711652650496
2025_1385_1433,0.28899227405683064
2025_1388_1433,0.5334430439992933
2025_1136_1433,0.13088408613100608
2025_1266_1433,0.43263477441040427
2025_1140_1433,0.5065891321036733
2025_1397_1433,0.45574892521375593
2025_1270_1433,0.13519388346818825
2025_1268_1433,0.46984182715420875
2025_1400_1433,0.500036896811852
2025_1401_1433,0.35685174101536316
2025_1403_1433,0.3372595130684022
2025_1276_1433,0.40274029522230553
2025_1277_1433,0.5476745356131307
2025_1407_1433,0.20719213888480703
2025_1307_1435,0.5646072107032122
2025_1181_1435,0.8436582063367717
2025_1179_1435,0.3974885429809083
2025_1313_1435,0.3182271611065732
2025_1314_1435,0.7677153127704407
2025_1279_1435,0.5019491277158029
2025_1188_1435,0.15619790371220318
2025_1196_1435,0.7461020143515816
2025_1328_1435,0.5760467576950143
2025_1435_1458,0.27364012948964567
2025_1435_1459,0.6099305308534634
2025_1332_1435,0.5773895844868742
2025_1435_1463,0.5462060988763167
2025_1208_1435,0.3922483886455676
2025_1211_1435,0.8672974333418638
2025_1213_1435,0.5629413498420014
2025_1435_1471,0.5237545524295956
2025_1345_1435,0.681370630354521
2025_1219_1435,0.3361106225531677
2025_1222_1435,0.6738111310845099
2025_1352_1435,0.3494576262211486
2025_1228_1435,0.6225864622015931
2025_1103_1435,0.5661839927626066
2025_1104_1435,0.5765750905524575
2025_1235_1435,0.5766140644577563
2025_1110_1435,0.34947116694490166
2025_1112_1435,0.7404273945073647
2025_1242_1435,0.8103052038033974
2025_1116_1435,0.6063992510050428
2025_1246_1435,0.7890517682865178
2025_1120_1435,0.5108214857144747
2025_1251_1435,0.3747338854863473
2025_1124_1435,0.608075648080174
2025_1252_1435,0.35263642421740155
2025_1257_1435,0.7074389348688018
2025_1385_1435,0.4672187334364113
2025_1388_1435,0.711553732155902
2025_1136_1435,0.24523407604110342
2025_1266_1435,0.6219564263799375
2025_1140_1435,0.6889742016912541
2025_1397_1435,0.643709537540778
2025_1270_1435,0.25221652757091495
2025_1268_1435,0.6566026050385003
2025_1400_1435,0.6833299600546263
2025_1401_1435,0.5448578244319339
2025_1403_1435,0.5233427995650133
2025_1276_1435,0.5926448247330566
2025_1277_1435,0.7231716831482162
2025_1407_1435,0.3605530827867181
2025_1181_1307,0.8062519181780168
2025_1179_1307,0.337198015479159
2025_1307_1313,0.7353243156298905
2025_1307_1314,0.28180278366467054
2025_1279_1307,0.4373143580369401
2025_1188_1307,0.12491805881920157
2025_1196_1307,0.6938253148186739
2025_1307_1328,0.48833542891053155
2025_1307_1458,0.3281949504292395
2025_1307_1459,0.6697139427846889
2025_1307_1332,0.48696084820692204
2025_1307_1463,0.6095032360315344
2025_1208_1307,0.3323142991563755
2025_1211_1307,0.8344371198559029
2025_1213_1307,0.4983106770537916
2025_1307_1471,0.5878201206183963
2025_1307_1345,0.37750075609044936
2025_1219_1307,0.2807911639699859
2025_1222_1307,0.6143436835313381
2025_1307_1352,0.7070923392845395
2025_1228_1307,0.5598801437460504
2025_1103_1307,0.5016083030265893
2025_1104_1307,0.5122135763821728
2025_1235_1307,0.5122534629715813
2025_1110_1307,0.2929229720320233
2025_1112_1307,0.6874717252088971
2025_1242_1307,0.767121646122049
2025_1116_1307,0.5429777241786818
2025_1246_1307,0.742567037481431
2025_1120_1307,0.4460674720352163
2025_1251_1307,0.3160841137401569
2025_1124_1307,0.5447214379727628
2025_1252_1307,0.2958089521628074
2025_1257_1307,0.6509261138025786
2025_1307_1385,0.5965712006600624
2025_1307_1388,0.3445618743448725
2025_1136_1307,0.20035775845616585
2025_1266_1307,0.5592195398827786
2025_1140_1307,0.6307562722574782
2025_1307_1397,0.41785176762804543
2025_1270_1307,0.20641189988463585
2025_1268_1307,0.5958794702902458
2025_1307_1400,0.3753782364538722
2025_1307_1401,0.5199847044075802
2025_1307_1403,0.5415178861627886
2025_1276_1307,0.5287294284896664
2025_1277_1307,0.6682728523635103
2025_1307_1407,0.6969559415573896
2025_1179_1181,0.10894140646947997
2025_1181_1313,0.9203877851169429
2025_1181_1314,0.6201734322250518
2025_1181_1279,0.8426282143320784
2025_1181_1188,0.966833044436818
2025_1181_1196,0.6474400051294513
2025_1181_1328,0.7988551583653956
2025_1181_1458,0.6702819938710854
2025_1181_1459,0.8940422590949084
2025_1181_1332,0.7979696633274526
2025_1181_1463,0.86657923014934
2025_1181_1208,0.8931734780489451
2025_1181_1211,0.45226677434901075
2025_1181_1213,0.8073080337076967
2025_1181_1471,0.8557934345134034
2025_1181_1345,0.7161921976285343
2025_1181_1219,0.9142269599610627
2025_1181_1222,0.7231721873614547
2025_1181_1352,0.9094654122499279
2025_1181_1228,0.7658785673225157
2025_1103_1181,0.194761804633883
2025_1104_1181,0.20150250141926748
2025_1181_1235,0.7984815880536085
2025_1110_1181,0.09054290501386875
2025_1112_1181,0.3458190557635974
2025_1181_1242,0.5581726102135435
2025_1116_1181,0.22210213319996563
2025_1181_1246,0.5906176066317881
2025_1120_1181,0.16214327829804376
2025_1181_1251,0.9000398100291672
2025_1124_1181,0.22331891148269606
2025_1181_1252,0.9083102410767442
2025_1181_1257,0.6905629877684538
2025_1181_1385,0.860208134169966
2025_1181_1388,0.6862813098217827
2025_1136_1181,0.05679400481321586
2025_1181_1266,0.7663587021295849
2025_1140_1181,0.29104142864808347
2025_1181_1397,0.7491760652800555
2025_1181_1270,0.9411723572479571
2025_1181_1268,0.7383741203148729
2025_1181_1400,0.7143506643024977
2025_1181_1401,0.8184383155565215
2025_1181_1403,0.8309360744281082
2025_1181_1276,0.7876489640325134
2025_1181_1277,0.6738137775644797
2025_1181_1407,0.9053953563061423
2025_1179_1313,0.5856434043710079
2025_1179_1314,0.16640002008172816
2025_1179_1279,0.3956248616634841
2025_1179_1188,0.7808845136519276
2025_1179_1196,0.18334634967745042
2025_1179_1328,0.32684511914925823
2025_1179_1458,0.19905953458023115
2025_1179_1459,0.5077666956470674
2025_1179_1332,0.32563580814179155
2025_1179_1463,0.4426046858725403
2025_1179_1208,0.5054825751427164
2025_1179_1211,0.09169107021715212
2025_1179_1213,0.3387138489661192
2025_1179_1471,0.42046589572252807
2025_1179_1345,0.23577359029204145
2025_1179_1219,0.5657988447581952
2025_1179_1222,0.24206492282532557
2025_1179_1352,0.5511904069736059
2025_1179_1228,0.28567980098733203
2025_1103_1179,0.6642390843743061
2025_1104_1179,0.6736353435841863
2025_1179_1235,0.3263341718580328
2025_1110_1179,0.44882473961586233
2025_1112_1179,0.8121643478144985
2025_1179_1242,0.13378554009476226
2025_1116_1179,0.7001780231211644
2025_1179_1246,0.14993329798408084
2025_1120_1179,0.6128331333494152
2025_1179_1251,0.5239874641787925
2025_1124_1179,0.7016515168732332
2025_1179_1252,0.54773712601957
2025_1179_1257,0.21435175507494975
2025_1179_1385,0.42932058435848036
2025_1179_1388,0.21100927173928125
2025_1136_1179,0.3299855756738111
2025_1179_1266,0.28622693454824477
2025_1140_1179,0.7705239671042703
2025_1179_1397,0.2674849403597737
2025_1179_1270,0.6616981653030805
2025_1179_1268,0.256525131163042
2025_1179_1400,0.2341482037070161
2025_1179_1401,0.3552958189675052
2025_1179_1403,0.3753418208724347
2025_1179_1276,0.3119901280707668
2025_1179_1277,0.20162673573972492
2025_1179_1407,0.5391749734665234
2025_1313_1314,0.12375418117240031
2025_1279_1313,0.6834605924144913
2025_1188_1313,0.2839667474656249
2025_1196_1313,0.8629314971243671
2025_1313_1328,0.2556923483886098
2025_1313_1458,0.14954512699525446
2025_1313_1459,0.4219139867420196
2025_1313_1332,0.2546467102748524
2025_1313_1463,0.35971803197117497
2025_1208_1313,0.58031185665265
2025_1211_1313,0.9333419860527236
2025_1213_1313,0.7340039118421021
2025_1313_1471,0.3392021735979849
2025_1313_1345,0.17916975811196856
2025_1219_1313,0.5203012101544101
2025_1222_1313,0.81568740369696
2025_1313_1352,0.4649304549935741
2025_1228_1313,0.7794502747558557
2025_1103_1313,0.7365713019513341
2025_1104_1313,0.7447212874643336
2025_1235_1313,0.7447516360431033
2025_1110_1313,0.5350822942462441
2025_1112_1313,0.8593758728336957
2025_1242_1313,0.9014925173320071
2025_1116_1313,0.767478225731224
2025_1246_1313,0.8890569097334596
2025_1120_1313,0.6910894275679743
2025_1251_1313,0.5621675162857772
2025_1124_1313,0.7687302159819737
2025_1252_1313,0.5385369668975442
2025_1257_1313,0.838200932176629
2025_1313_1385,0.34737129052180993
2025_1313_1388,0.1591129558000836
2025_1136_1313,0.41041022368076324
2025_1266_1313,0.7789891422531209
2025_1140_1313,0.8259587754682116
2025_1313_1397,0.20531325597494154
2025_1270_1313,0.41948185148155903
2025_1268_1313,0.8037841310905772
2025_1313_1400,0.17784378159692624
2025_1313_1401,0.28053057236426643
2025_1313_1403,0.29831011773796506
2025_1276_1313,0.7570979765053953
2025_1277_1313,0.8484086285895899
2025_1313_1407,0.4528978926606785
2025_1279_1314,0.2336845308639977
2025_1188_1314,0.05303989516045951
2025_1196_1314,0.4706615792865919
2025_1314_1328,0.7086645244395835
2025_1314_1458,0.5545848774025299
2025_1314_1459,0.8378700863142493
2025_1314_1332,0.707527349043759
2025_1314_1463,0.7991191536005626
2025_1208_1314,0.16338024334961512
2025_1211_1314,0.6641522019149819
2025_1213_1314,0.2804338936305285
2025_1314_1471,0.7842376769454424
2025_1314_1345,0.6071632851472282
2025_1219_1314,0.1328382126682132
2025_1222_1314,0.3846292275474503
2025_1314_1352,0.8601910196073306
2025_1228_1314,0.3329489471649557
2025_1103_1314,0.28310331711342307
2025_1104_1314,0.2917935670503578
2025_1235_1314,0.2918265581636648
2025_1110_1314,0.13982033670715233
2025_1112_1314,0.46325951581352137
2025_1242_1314,0.5637944355766791
2025_1116_1314,0.3179482509247649
2025_1246_1314,0.5309107171674243
2025_1120_1314,0.24010102501743444
2025_1251_1314,0.1535038981363712
2025_1124_1314,0.3194744699116651
2025_1252_1314,0.1414997599897235
2025_1257_1314,0.42251914578027877
2025_1314_1385,0.7903062081177945
2025_1314_1388,0.5726186687002687
2025_1136_1314,0.08951160043384752
2025_1266_1314,0.33235390509899415
2025_1140_1314,0.4012906055778822
2025_1314_1397,0.6465652408315583
2025_1270_1314,0.09260422588385937
2025_1268_1314,0.3665078153005833
2025_1314_1400,0.6050044749718094
2025_1314_1401,0.7341058608221773
2025_1314_1403,0.7506399689774079
2025_1276_1314,0.3056557033415811
2025_1277_1314,0.4414771435296921
2025_1314_1407,0.854260768026505
2025_1188_1279,0.15517417985310994
2025_1196_1279,0.7446238627725525
2025_1279_1328,0.42586261970736095
2025_1279_1458,0.2751904454839359
2025_1279_1459,0.6117813895104081
2025_1279_1332,0.4245179897779476
2025_1279_1463,0.5481353176261488
2025_1208_1279,0.3903933570777003
2025_1211_1279,0.8663985159376195
2025_1213_1279,0.5610242526877832
2025_1279_1471,0.5256963359953913
2025_1279_1345,0.3203301481602556
2025_1219_1279,0.33437501192411356
2025_1222_1279,0.672097079406958
2025_1279_1352,0.652312285320113
2025_1228_1279,0.6207547371580239
2025_1103_1279,0.5642701097618961
2025_1104_1279,0.5746726124358031
2025_1235_1279,0.5747116322886281
2025_1110_1279,0.34770269824461403
2025_1112_1279,0.7389277662713338
2025_1242_1279,0.8091051984727431
2025_1116_1279,0.6045388656611931
2025_1246_1279,0.7877525310383982
2025_1120_1279,0.5088752230751836
2025_1251_1279,0.3729108602058513
2025_1124_1279,0.6062180409382874
2025_1252_1279,0.3508605769975527
2025_1257_1279,0.7058244425290573
2025_1279_1385,0.5347223795469417
2025_1279_1388,0.2900553227445701
2025_1136_1279,0.24379540807902295
2025_1266_1279,0.6201235092821803
2025_1140_1279,0.6873028519979897
2025_1279_1397,0.35808545862853236
2025_1270_1279,0.2507505057108467
2025_1268_1279,0.6548444469951689
2025_1279_1400,0.31836467697443127
2025_1279_1401,0.45707995714677546
2025_1279_1403,0.4786054881206306
2025_1276_1279,0.5907633018099295
2025_1277_1279,0.7216098460693267
2025_1279_1407,0.6412419980261375
2025_1188_1196,0.059262261697671494
2025_1188_1328,0.11990367828545553
2025_1188_1458,0.06519005787073026
2025_1188_1459,0.2244735309463062
2025_1188_1332,0.11932431627859968
2025_1188_1463,0.18220916867260126
2025_1188_1208,0.22288672921824162
2025_1188_1211,0.02754472185517269
2025_1188_1213,0.1256605347302912
2025_1188_1471,0.16914278213569592
2025_1188_1345,0.07966952260124394
2025_1188_1219,0.2677392909778588
2025_1188_1222,0.08224367986583113
2025_1188_1352,0.2562841956598207
2025_1188_1228,0.10089555713443658
2025_1103_1188,0.8757807382184775
2025_1104_1188,0.8803236183844599
2025_1188_1235,0.11965873070913541
2025_1110_1188,0.74372196870938
2025_1112_1188,0.9390583082611843
2025_1188_1242,0.04153693291287151
2025_1116_1188,0.8927333786158391
2025_1188_1246,0.04715654101920305
2025_1120_1188,0.8494203015368084
2025_1188_1251,0.2359830442637579
2025_1124_1188,0.8934046160376979
2025_1188_1252,0.2536343976722446
2025_1188_1257,0.07111118685256859
2025_1188_1385,0.17429658569459164
2025_1188_1388,0.06980386426345331
2025_1136_1188,0.637048000376541
2025_1188_1266,0.1011388998182235
2025_1140_1188,0.9228771754068439
2025_1188_1397,0.09293833473212752
2025_1188_1270,0.3543476773755315
2025_1188_1268,0.08826852485876466
2025_1188_1400,0.07900903546574346
2025_1188_1401,0.13392466695889335
2025_1188_1403,0.14427584093245815
2025_1188_1276,0.11287696743208182
2025_1188_1277,0.06617343142240324
2025_1188_1407,0.24715719957960708
2025_1196_1328,0.6838196280384259
2025_1196_1458,0.5254000375930918
2025_1196_1459,0.8212647157257986
2025_1196_1332,0.6826289058900749
2025_1196_1463,0.7795889636038873
2025_1196_1208,0.8199194028840946
2025_1196_1211,0.31017758568845694
2025_1196_1213,0.695262632975152
2025_1196_1471,0.7636885145226846
2025_1196_1345,0.5788070767598992
2025_1196_1219,0.8530343654170924
2025_1196_1222,0.5872185009199485
2025_1196_1352,0.845450075746462
2025_1196_1228,0.6404713775087244
2025_1103_1196,0.3075498806814698
2025_1104_1196,0.31665908471496684
2025_1196_1235,0.6833171052656198
2025_1110_1196,0.15456166595773077
2025_1112_1196,0.4925739473738297
2025_1196_1242,0.40756901689709574
2025_1116_1196,0.34396009051527193
2025_1196_1246,0.4399773576436798
2025_1120_1196,0.2621923386598679
2025_1196_1251,0.8306011785812351
2025_1124_1196,0.34554791282974584
2025_1196_1252,0.8436185521348147
2025_1196_1257,0.5485910489428923
2025_1196_1385,0.7701656286174949
2025_1196_1388,0.5436431180116497
2025_1136_1196,0.09956278219245414
2025_1196_1266,0.6410881729574096
2025_1140_1196,0.42982392822397963
2025_1196_1397,0.6192697215253424
2025_1196_1270,0.8970382888166732
2025_1196_1268,0.6058168412830474
2025_1196_1400,0.5766011030443553
2025_1196_1401,0.7105443984927734
2025_1196_1403,0.7280007759754038
2025_1196_1276,0.6688611495640404
2025_1196_1277,0.5293941323891727
2025_1196_1407,0.8390115810876171
2025_1328_1458,0.3385692955544635
2025_1328_1459,0.6799572861387765
2025_1328_1332,0.49862888527316557
2025_1328_1463,0.6205559321229225
2025_1208_1328,0.3220384925600122
2025_1211_1328,0.8278866879949949
2025_1213_1328,0.48664307870024953
2025_1328_1471,0.5990828469280428
2025_1328_1345,0.38853228737744866
2025_1219_1328,0.27146080800433925
2025_1222_1328,0.6032259433303772
2025_1328_1352,0.716666879383797
2025_1228_1328,0.5483466153103598
2025_1103_1328,0.48993889624409104
2025_1104_1328,0.5005452356748045
2025_1235_1328,0.5005851461050683
2025_1110_1328,0.2833483107994187
2025_1112_1328,0.6773549595389384
2025_1242_1328,0.7586781413088279
2025_1116_1328,0.5313720038989715
2025_1246_1328,0.7335424888385461
2025_1120_1328,0.4345635423619943
2025_1251_1328,0.3060801096366441
2025_1124_1328,0.533121923675855
2025_1252_1328,0.28617813774776746
2025_1257_1328,0.6402454094100521
2025_1328_1385,0.6077543685485436
2025_1328_1388,0.3551800554509761
2025_1136_1328,0.19298295024632073
2025_1266_1328,0.5476826856213531
2025_1140_1328,0.6198188750261117
2025_1328_1397,0.4292493593710368
2025_1270_1328,0.19886967007134695
2025_1268_1328,0.584589367731568
2025_1328_1400,0.3863862415959833
2025_1328_1401,0.5316240771401005
2025_1328_1403,0.5530838881587122
2025_1276_1328,0.5170836850702534
2025_1277_1328,0.6578439178753742
2025_1328_1407,0.7067243927921508
2025_1458_1459,0.8058525256059669
2025_1332_1458,0.33980224048946805
2025_1458_1463,0.7616261778348465
2025_1208_1458,0.19558612593650743
2025_1211_1458,0.7111610387702948
2025_1213_1458,0.3267032177013405
2025_1458_1471,0.7448539980894291
2025_1345_1458,0.4461683840947229
2025_1219_1458,0.16017624742641093
2025_1222_1458,0.4376342764279875
2025_1352_1458,0.16830804514469921
2025_1228_1458,0.3832677627699841
2025_1103_1458,0.3296113253893099
2025_1104_1458,0.33905401118211
2025_1235_1458,0.33908978728015843
2025_1110_1458,0.1683163827979134
2025_1112_1458,0.517979501000883
2025_1242_1458,0.6167443717396446
2025_1116_1458,0.367248144508042
2025_1246_1458,0.5849135082812721
2025_1120_1458,0.28232672911275236
2025_1251_1458,0.1841915543263887
2025_1124_1458,0.36888302293244024
2025_1252_1458,0.17027032816090534
2025_1257_1458,0.47670083592887713
2025_1385_1458,0.24832689404492914
2025_1388_1458,0.4816832034396383
2025_1136_1458,0.10905439321843027
2025_1266_1458,0.38263437679233475
2025_1140_1458,0.45489442447101186
2025_1397_1458,0.40498398246967077
2025_1270_1458,0.1127386169558026
2025_1268_1458,0.4187148010091482
2025_1400_1458,0.4484031790482315
2025_1401_1458,0.3108117448931316
2025_1403_1458,0.29259726999824653
2025_1276_1458,0.354038944037338
2025_1277_1458,0.4960018436761647
2025_1407_1458,0.17520090122486656
2025_1332_1459,0.6811531612081883
2025_1459_1463,0.4349546709505377
2025_1208_1459,0.5022847017726998
2025_1211_1459,0.9108681601785453
2025_1213_1459,0.6682139122612245
2025_1459_1471,0.4129150656468889
2025_1345_1459,0.7697832415037882
2025_1219_1459,0.44184801257667533
2025_1222_1459,0.7635935609460656
2025_1352_1459,0.45650663320882445
2025_1228_1459,0.7206223699353641
2025_1103_1459,0.6711317948021845
2025_1104_1459,0.680427964120009
2025_1235_1459,0.6804626765781847
2025_1110_1459,0.45652141102761207
2025_1112_1459,0.816857627924711
2025_1242_1459,0.8697787994114023
2025_1116_1459,0.7066587735576053
2025_1246_1459,0.8539880866276294
2025_1120_1459,0.6201777039801561
2025_1251_1459,0.4837678672670165
2025_1124_1459,0.7081136947300767
2025_1252_1459,0.45997068658237655
2025_1257_1459,0.7908386087668529
2025_1385_1459,0.5782750804997293
2025_1388_1459,0.7941217747684077
2025_1136_1459,0.3368899493183665
2025_1266_1459,0.7200824098715976
2025_1140_1459,0.7759706830391616
2025_1397_1459,0.7385626280443747
2025_1270_1459,0.34528821221863604
2025_1268_1459,0.7493597369508179
2025_1400_1459,0.7713813170483863
2025_1401_1459,0.6517918650646912
2025_1403_1459,0.6319168544179004
2025_1276_1459,0.6946436772109658
2025_1277_1459,0.803333253725518
2025_1407_1459,0.46855292207063043
2025_1332_1463,0.6218503268220553
2025_1208_1332,0.32083848950672
2025_1211_1332,0.827101336570369
2025_1213_1332,0.48526874374587914
2025_1332_1471,0.6004033238543125
2025_1332_1345,0.3898399417024746
2025_1219_1332,0.27037410998884914
2025_1222_1332,0.6019084011609283
2025_1332_1352,0.7177825174198031
2025_1228_1332,0.5469836948818435
2025_1103_1332,0.488564111767127
2025_1104_1332,0.49916981569827185
2025_1235_1332,0.49920972607473185
2025_1110_1332,0.282232460479799
2025_1112_1332,0.6761514215293212
2025_1242_1332,0.7576694290996452
2025_1116_1332,0.5300017646696563
2025_1246_1332,0.7324657604922
2025_1120_1332,0.4332121691488831
2025_1251_1332,0.3049128273837666
2025_1124_1332,0.5317522922794156
2025_1252_1332,0.2850555760055118
2025_1257_1332,0.6389772245202209
2025_1332_1385,0.6090649221692193
2025_1332_1388,0.35644089283139113
2025_1136_1332,0.19212756208850923
2025_1266_1332,0.5463194193121282
2025_1140_1332,0.6185215874329807
2025_1332_1397,0.4305975492190471
2025_1270_1332,0.19799459089157073
2025_1268_1332,0.583252694615983
2025_1332_1400,0.3876912526256616
2025_1332_1401,0.5329935379127105
2025_1332_1403,0.5544431907887649
2025_1276_1332,0.5157097441239769
2025_1277_1332,0.6566044965387294
2025_1332_1407,0.7078632214362272
2025_1208_1463,0.4372013445448453
2025_1211_1463,0.8872160586978721
2025_1213_1463,0.607889855998625
2025_1463_1471,0.4774514646498969
2025_1345_1463,0.7201933123896889
2025_1219_1463,0.37863821642213535
2025_1222_1463,0.7131671454879751
2025_1352_1463,0.3926751248511756
2025_1228_1463,0.6650506521905293
2025_1103_1463,0.6110294394614538
2025_1104_1463,0.6210652850497373
2025_1235_1463,0.6211028549645358
2025_1110_1463,0.39268932932358647
2025_1112_1463,0.7744365087667194
2025_1242_1463,0.8371723117265789
2025_1116_1463,0.6496598565718196
2025_1246_1463,0.8182539044658539
2025_1120_1463,0.556911194929728
2025_1251_1463,0.419063662179979
2025_1124_1463,0.6512579652812903
2025_1252_1463,0.3960077380748896
2025_1257_1463,0.7442774427966373
2025_1385_1463,0.5135040766046829
2025_1388_1463,0.7480586362327328
2025_1136_1463,0.2811323676408429
2025_1266_1463,0.6644532986980073
2025_1140_1463,0.7272413057848075
2025_1397_1463,0.6849995616845951
2025_1270_1463,0.2887459118992617
2025_1268_1463,0.6971015481617966
2025_1400_1463,0.7220113101586134
2025_1401_1463,0.5903126298037105
2025_1403_1463,0.5692475895178271
2025_1276_1463,0.6365110030858098
2025_1277_1463,0.7587048588935381
2025_1407_1463,0.40428999717652786
2025_1208_1211,0.0898809033439005
2025_1208_1213,0.33381923566113625
2025_1208_1471,0.41513153568369765
2025_1208_1345,0.23184499433135758
2025_1208_1219,0.5604036204249938
2025_1208_1222,0.23806415257803704
2025_1208_1352,0.5457593926241652
2025_1208_1228,0.2812256446906556
2025_1103_1208,0.669111743640221
2025_1104_1208,0.6784376549576173
2025_1208_1235,0.32153147024712936
2025_1110_1208,0.4542550762826807
2025_1112_1208,0.8154865962428515
2025_1208_1242,0.1312644398233936
2025_1116_1208,0.7047609459423018
2025_1208_1246,0.1471595997933687
2025_1120_1208,0.6180228056501879
2025_1208_1251,0.5185148205966319
2025_1124_1208,0.7062213667940123
2025_1208_1252,0.5422990238677862
2025_1208_1257,0.21068170018664556
2025_1208_1385,0.423956066903172
2025_1208_1388,0.20738133943059803
2025_1136_1208,0.33485159437842404
2025_1208_1266,0.28176761259826316
2025_1140_1208,0.7743781085655227
2025_1208_1397,0.26320993720397523
2025_1208_1270,0.656771689235976
2025_1208_1268,0.2523649435221306
2025_1208_1400,0.2302385315414154
2025_1208_1401,0.3502885146662775
2025_1208_1403,0.37021423263982944
2025_1208_1276,0.30730223189513717
2025_1208_1277,0.19811961227734073
2025_1208_1407,0.5337215602776806
2025_1211_1213,0.8353709697947698
2025_1211_1471,0.8778634230459273
2025_1211_1345,0.7534727195125037
2025_1211_1219,0.9281053211330267
2025_1211_1222,0.7598432815692707
2025_1211_1352,0.9240502034211876
2025_1211_1228,0.7984689394627619
2025_1103_1211,0.1664608695047542
2025_1104_1211,0.17243181882468828
2025_1211_1235,0.8275553966530841
2025_1110_1211,0.07595753818843705
2025_1112_1211,0.3038506629853873
2025_1211_1242,0.6047550531794166
2025_1116_1211,0.19076956893666555
2025_1211_1246,0.6360100160484298
2025_1120_1211,0.13777120501628484
2025_1211_1251,0.9160027907622319
2025_1124_1211,0.1918570289276442
2025_1211_1252,0.9230653838216665
2025_1211_1257,0.7299406499463669
2025_1211_1385,0.8816958787079014
2025_1211_1388,0.7259876390464097
2025_1136_1211,0.0473620573675323
2025_1211_1266,0.7988997876010934
2025_1140_1211,0.253148325146617
2025_1211_1397,0.7834340275682926
2025_1211_1270,0.950924898252146
2025_1211_1268,0.773661704025124
2025_1211_1400,0.7517892513946275
2025_1211_1401,0.8451911157763772
2025_1211_1403,0.8561709732941452
2025_1211_1276,0.8179292696100723
2025_1211_1277,0.7144414930489567
2025_1211_1407,0.9205785604210313
2025_1213_1471,0.5861779789193684
2025_1213_1345,0.3759103156346842
2025_1213_1219,0.7178413982394657
2025_1213_1222,0.38406180297437076
2025_1213_1352,0.7056874649584828
2025_1213_1228,0.4384608198986988
2025_1103_1213,0.5033019940765088
2025_1104_1213,0.5139061527344313
2025_1213_1235,0.48606270160149984
2025_1110_1213,0.2943281563059613
2025_1112_1213,0.688925497262236
2025_1213_1242,0.23168060056841086
2025_1116_1213,0.5446584480012631
2025_1213_1246,0.2561500968546596
2025_1120_1213,0.4477421046602569
2025_1213_1251,0.6824539472650614
2025_1124_1213,0.5464011062258158
2025_1213_1252,0.7027819243749267
2025_1213_1257,0.34754632740388763
2025_1213_1385,0.5949398987854017
2025_1213_1388,0.343033735292058
2025_1136_1213,0.20144540513153622
2025_1213_1266,0.4391206830573192
2025_1140_1213,0.6323327707490376
2025_1213_1397,0.4162049890562605
2025_1213_1270,0.7924767244173815
2025_1213_1268,0.4024998752354585
2025_1213_1400,0.373791368743058
2025_1213_1401,0.5182937752553743
2025_1213_1403,0.5398356834523946
2025_1213_1276,0.4695918182862735
2025_1213_1277,0.3302378556833397
2025_1213_1407,0.6955233847517421
2025_1345_1471,0.7016478742238011
2025_1219_1471,0.357646026917949
2025_1222_1471,0.6943536534242004
2025_1352_1471,0.3713698330558442
2025_1228_1471,0.6446536939513036
2025_1103_1471,0.5893739759927062
2025_1104_1471,0.5996024261831862
2025_1235_1471,0.5996407523043779
2025_1110_1471,0.3713837381213567
2025_1112_1471,0.7582796108472227
2025_1242_1471,0.8244907183827259
2025_1116_1471,0.6288487162853587
2025_1246_1471,0.8044430612739238
2025_1120_1471,0.5345379431380558
2025_1251_1471,0.397263153703286
2025_1124_1471,0.6304877617291539
2025_1252_1471,0.3746331677204868
2025_1257_1471,0.7267225780975142
2025_1385_1471,0.49094249081180935
2025_1388_1471,0.730669412403569
2025_1136_1471,0.2632557022515965
2025_1266_1471,0.6440394341798638
2025_1140_1471,0.7089742375291384
2025_1397_1471,0.6652058600656349
2025_1270_1471,0.2705673329375356
2025_1268_1471,0.6777105096547361
2025_1400_1471,0.7035367664960036
2025_1401_1471,0.5683186277367142
2025_1403_1471,0.5469905530751985
2025_1276_1471,0.6153812076108582
2025_1277_1471,0.7417968161769367
2025_1407_1471,0.3827516788410227
2025_1219_1345,0.19143283432635225
2025_1222_1345,0.49135629695131916
2025_1345_1352,0.7992317959807443
2025_1228_1345,0.4354840342256302
2025_1103_1345,0.379009870617301
2025_1104_1345,0.3890464598019862
2025_1235_1345,0.38908440565337077
2025_1110_1345,0.20078166372118111
2025_1112_1345,0.5715406115351951
2025_1242_1345,0.6663990139726527
2025_1116_1345,0.4187638404649183
2025_1246_1345,0.6362599248680987
2025_1120_1345,0.32810710772938256
2025_1251_1345,0.21891289740632025
2025_1124_1345,0.4204756555443725
2025_1252_1345,0.20302049109922238
2025_1257_1345,0.5306929495181771
2025_1345_1385,0.709177907908115
2025_1345_1388,0.46435206073854535
2025_1136_1345,0.13190192527186242
2025_1266_1345,0.4348251960747744
2025_1140_1345,0.5088181915561342
2025_1345_1397,0.5420498814843958
2025_1270_1345,0.13623998454493452
2025_1268_1345,0.4720638911037268
2025_1345_1400,0.49774601180830474
2025_1345_1401,0.6411082603733586
2025_1345_1403,0.6607528439763557
2025_1276_1345,0.4048873729103566
2025_1277_1345,0.5498829042277429
2025_1345_1407,0.7913430618295517
2025_1219_1222,0.19684574513701536
2025_1219_1352,0.4851910727543584
2025_1219_1228,0.23483751887006865
2025_1103_1219,0.7205053867448085
2025_1104_1219,0.7289695259746911
2025_1219_1235,0.27100158535451513
2025_1110_1219,0.5148223326858814
2025_1112_1219,0.8492668502850446
2025_1219_1242,0.10596566280229715
2025_1116_1219,0.7526643021603758
2025_1219_1246,0.11921773425443187
2025_1120_1219,0.673479312842644
2025_1219_1251,0.4579219959919942
2025_1124_1219,0.7539704866292533
2025_1219_1252,0.48170748251306883
2025_1219_1257,0.17312703940725224
2025_1219_1385,0.3660132984720386
2025_1219_1388,0.17028805798545124
2025_1136_1219,0.3909017748280386
2025_1219_1266,0.2353193570887728
2025_1140_1219,0.8139675280775874
2025_1219_1397,0.2188885305875977
2025_1219_1270,0.600161095262228
2025_1219_1268,0.20935081877276318
2025_1219_1400,0.1900371142441282
2025_1219_1401,0.2972191279228365
2025_1219_1403,0.31559241287006495
2025_1219_1276,0.2581576583509379
2025_1219_1277,0.1623436268347715
2025_1219_1407,0.47309777997960206
2025_1222_1352,0.7936216073785364
2025_1222_1228,0.5560025697569884
2025_1103_1222,0.38718687175847094
2025_1104_1222,0.3973014599324246
2025_1222_1235,0.6026697558429261
2025_1110_1222,0.20639144420321787
2025_1112_1222,0.5799918487402166
2025_1222_1242,0.3259675108652264
2025_1116_1222,0.42720848220180246
2025_1222_1246,0.35578395846174454
2025_1120_1222,0.33577971991505356
2025_1222_1251,0.7751176461533489
2025_1124_1222,0.4289293428446116
2025_1222_1252,0.7913274771095854
2025_1222_1257,0.4607119256812032
2025_1222_1385,0.7019895927136658
2025_1222_1388,0.45575636129611075
2025_1136_1222,0.13591450180040293
2025_1222_1266,0.5566639686942776
2025_1140_1222,0.5174620878568602
2025_1222_1397,0.5334482756875015
2025_1222_1270,0.8596377940481225
2025_1222_1268,0.519316762845605
2025_1222_1400,0.48909659007983547
2025_1222_1401,0.6331078874618599
2025_1222_1403,0.6529533324848393
2025_1222_1276,0.586758757300843
2025_1222_1277,0.4415819542780316
2025_1222_1407,0.7855715759773267
2025_1228_1352,0.7543526821929587
2025_1103_1352,0.7084195935989573
2025_1104_1352,0.7171060310185192
2025_1235_1352,0.7171384156505826
2025_1110_1352,0.5000143989174818
2025_1112_1352,0.8415242549330904
2025_1242_1352,0.888292445508038
2025_1116_1352,0.7414701393683568
2025_1246_1352,0.8744225836086322
2025_1120_1352,0.6603187197494989
2025_1251_1352,0.5273379466561531
2025_1124_1352,0.7428152403342131
2025_1252_1352,0.503487854841086
2025_1257_1352,0.8182298122841674
2025_1352_1385,0.3798683053286408
2025_1352_1388,0.17882390149260888
2025_1136_1352,0.3768893794278572
2025_1266_1352,0.7538556459850776
2025_1140_1352,0.8048284325348406
2025_1352_1397,0.2291875921521706
2025_1270_1352,0.38570478469927766
2025_1268_1352,0.7806764527918031
2025_1352_1400,0.19932507995711837
2025_1352_1401,0.3097422892073792
2025_1352_1403,0.32852783247774525
2025_1276_1352,0.7303367869684843
2025_1277_1352,0.8294410833155494
2025_1352_1407,0.48788691368596265
2025_1103_1228,0.4417110955329227
2025_1104_1228,0.4521989964086683
2025_1228_1235,0.5477711714109188
2025_1110_1228,0.24566204293494795
2025_1112_1228,0.6335953048099774
2025_1228_1242,0.27860077098398106
2025_1116_1228,0.48292723676333443
2025_1228_1246,0.3060518478469021
2025_1120_1228,0.38764399532596355
2025_1228_1251,0.73351012511107
2025_1124_1228,0.4846826221460355
2025_1228_1252,0.7517585743885394
2025_1228_1257,0.40554595765130746
2025_1228_1385,0.6529106147467956
2025_1228_1388,0.40074283563930957
2025_1136_1228,0.1645558266746443
2025_1228_1266,0.5006753689859291
2025_1140_1228,0.5731730025866542
2025_1228_1397,0.4772808917751984
2025_1228_1270,0.8302433048819442
2025_1228_1268,0.4631601951727291
2025_1228_1400,0.43326240777709135
2025_1228_1401,0.5794803969903459
2025_1228_1403,0.6003956991120972
2025_1228_1276,0.5313712220833011
2025_1228_1277,0.3870625669282976
2025_1228_1407,0.745262576606581
2025_1103_1104,0.4893977800457379
2025_1103_1235,0.48935833539459667
2025_1103_1110,0.7084074637147156
2025_1103_1112,0.3139195312050097
2025_1103_1242,0.2340368861738018
2025_1103_1116,0.4586229288908544
2025_1103_1246,0.25867146143431646
2025_1103_1120,0.555523545810166
2025_1103_1251,0.685305574824711
2025_1103_1124,0.456878949654466
2025_1103_1252,0.7055297703260168
2025_1103_1257,0.35054337238091
2025_1103_1385,0.5981146208155816
2025_1103_1388,0.34601250330461075
2025_1103_1136,0.8006690439732691
2025_1103_1266,0.44237199674541544
2025_1103_1140,0.37075022397947693
2025_1103_1397,0.41941350803753075
2025_1103_1270,0.7946376398261303
2025_1103_1268,0.4056761590823059
2025_1103_1400,0.37688400307997566
2025_1103_1401,0.5215861566189279
2025_1103_1403,0.5431106212399628
2025_1103_1276,0.4728785301389052
2025_1103_1277,0.3331618578650769
2025_1103_1407,0.6983095298622047
2025_1104_1235,0.4999644260383376
2025_1104_1110,0.7170941181858863
2025_1104_1112,0.32312935787670755
2025_1104_1242,0.24172883338902987
2025_1104_1116,0.4691749253043892
2025_1104_1246,0.26689094520387774
2025_1104_1120,0.5659742465739761
2025_1104_1251,0.6943835386833522
2025_1104_1124,0.46742546496537135
2025_1104_1252,0.714267574620168
2025_1104_1257,0.36026346396129605
2025_1104_1385,0.6082700581071897
2025_1104_1388,0.3556757641256084
2025_1104_1136,0.8073546236616203
2025_1104_1266,0.45286286092187655
2025_1104_1140,0.380702179256995
2025_1104_1397,0.42977954253271033
2025_1104_1270,0.8014753549434512
2025_1104_1268,0.41594591201570313
2025_1104_1400,0.3868993709932803
2025_1104_1401,0.5321628092553138
2025_1104_1403,0.5536186624455839
2025_1104_1276,0.4834656121645955
2025_1104_1277,0.34265426951400507
2025_1104_1407,0.7071726581599698
2025_1110_1235,0.28287678659849147
2025_1112_1235,0.676847017611801
2025_1235_1242,0.24175809632253062
2025_1116_1235,0.5307934386763533
2025_1235_1246,0.2669221819322354
2025_1120_1235,0.43399276748637566
2025_1235_1251,0.6944174160495142
2025_1124_1235,0.5325436183199096
2025_1235_1252,0.7143001547314064
2025_1235_1257,0.3603002580472515
2025_1235_1385,0.6083080965435391
2025_1235_1388,0.35571235019066805
2025_1136_1235,0.1926213857637151
2025_1235_1266,0.45290241699076483
2025_1140_1235,0.6192712667157066
2025_1235_1397,0.42981866627210347
2025_1235_1270,0.8015007547643818
2025_1235_1268,0.4159846951327934
2025_1235_1400,0.38693724005827024
2025_1235_1401,0.5322025543914393
2025_1235_1403,0.5536581136247848
2025_1235_1276,0.48350547910716013
2025_1235_1277,0.3426902285349425
2025_1235_1407,0.7072057156349667
2025_1110_1112,0.1584879985979886
2025_1110_1242,0.11171730322218631
2025_1110_1116,0.25854382855448405
2025_1110_1246,0.1255876328815839
2025_1110_1120,0.33969599629280833
2025_1110_1251,0.4726771405682454
2025_1110_1124,0.25719922134091583
2025_1110_1252,0.4965270291692928
2025_1110_1257,0.18178287172726162
2025_1110_1385,0.37988233630738255
2025_1110_1388,0.17883264806802973
2025_1110_1136,0.6231213380418263
2025_1110_1266,0.2461589458097219
2025_1110_1140,0.19518527542436206
2025_1110_1397,0.22919811454898004
2025_1110_1270,0.6143055620776138
2025_1110_1268,0.21933732199744746
2025_1110_1400,0.19933458586980948
2025_1110_1401,0.30975502378554115
2025_1110_1403,0.32854097178568537
2025_1110_1276,0.269678245570313
2025_1110_1277,0.1705715370610099
2025_1110_1407,0.4879017954093486
2025_1112_1242,0.40040863417918765
2025_1112_1116,0.6493093729738499
2025_1112_1246,0.4326634274441539
2025_1112_1120,0.7320221481504467
2025_1112_1251,0.8263756316925635
2025_1112_1124,0.6477078115616675
2025_1112_1252,0.8396550311403842
2025_1112_1257,0.5412164870791196
2025_1112_1385,0.7648593312385449
2025_1112_1388,0.5362560541912678
2025_1112_1136,0.8977410798527179
2025_1112_1266,0.6342171595415061
2025_1112_1140,0.5628883964247187
2025_1112_1397,0.6122336595241511
2025_1112_1270,0.8942589972557762
2025_1112_1268,0.5986932747711682
2025_1112_1400,0.5693248978535145
2025_1112_1401,0.7043899358587211
2025_1112_1403,0.7220722956076648
2025_1112_1276,0.6622417026885691
2025_1112_1277,0.5219792272983893
2025_1112_1407,0.8349541393171864
2025_1116_1242,0.2650756425073058
2025_1242_1246,0.533153979649458
2025_1120_1242,0.19644530963511508
2025_1242_1251,0.8769607328871278
2025_1124_1242,0.2664472100060526
2025_1242_1252,0.8869007149828037
2025_1242_1257,0.6385426256411907
2025_1242_1385,0.829672983430503
2025_1242_1388,0.6339227213849974
2025_1136_1242,0.07068933479214178
2025_1242_1266,0.721950012690853
2025_1140_1242,0.34149795958313167
2025_1242_1397,0.702768129371422
2025_1242_1270,0.9268178901894993
2025_1242_1268,0.6907924685823473
2025_1242_1400,0.6643857929278773
2025_1242_1401,0.7811010389620044
2025_1242_1403,0.7955268035652249
2025_1242_1276,0.7459454481383903
2025_1242_1277,0.6205249596541665
2025_1242_1407,0.8833925831477981
2025_1116_1246,0.2917329871126579
2025_1116_1120,0.5960219235680552
2025_1116_1251,0.7199403352748148
2025_1116_1124,0.49824730202599876
2025_1116_1252,0.7387870964664087
2025_1116_1257,0.3891827742942871
2025_1116_1385,0.6372662422476735
2025_1116_1388,0.3844481166503206
2025_1116_1136,0.82583387841896
2025_1116_1266,0.4835963885402771
2025_1116_1140,0.41021013369671483
2025_1116_1397,0.4602643382000756
2025_1116_1270,0.8203931100968873
2025_1116_1268,0.44621732282883575
2025_1116_1400,0.4165645694420936
2025_1116_1401,0.5627428378439913
2025_1116_1403,0.5838928394768614
2025_1116_1276,0.5143236949646139
2025_1116_1277,0.3709797452550355
2025_1116_1407,0.7320726363540936
2025_1120_1246,0.21825047273497464
2025_1246_1251,0.8619026331254543
2025_1124_1246,0.29318746048188415
2025_1246_1252,0.8728827809199405
2025_1246_1257,0.6073696402387969
2025_1246_1385,0.8100809203735408
2025_1246_1388,0.6025992704386228
2025_1136_1246,0.0799241366348828
2025_1246_1266,0.6945291214085878
2025_1140_1246,0.3719510689475727
2025_1246_1397,0.6743089403899761
2025_1246_1270,0.9172860241648811
2025_1246_1268,0.6617385493038831
2025_1246_1400,0.6341646693457206
2025_1246_1401,0.7575545668263435
2025_1246_1403,0.7730812784939536
2025_1246_1276,0.7199730848592115
2025_1246_1277,0.5887987408275106
2025_1246_1407,0.8690040604101821
2025_1120_1251,0.6353543569101832
2025_1120_1124,0.40229308179963025
2025_1120_1252,0.6571828685191743
2025_1120_1257,0.3016069207424355
2025_1120_1385,0.5435418260270971
2025_1120_1388,0.2974189072880542
2025_1120_1136,0.7626883511335492
2025_1120_1266,0.3882802620629437
2025_1120_1140,0.3203844493480724
2025_1120_1397,0.366285057602722
2025_1120_1270,0.7558581435749339
2025_1120_1268,0.35322915193557014
2025_1120_1400,0.32611681462913417
2025_1120_1401,0.46590111970015297
2025_1120_1403,0.48746907947326734
2025_1120_1276,0.4178517668268224
2025_1120_1277,0.285584897715576
2025_1120_1407,0.6493663280734122
2025_1124_1251,0.7213553572776616
2025_1251_1252,0.5238596764940332
2025_1251_1257,0.19862483360772162
2025_1251_1385,0.4059715037107273
2025_1251_1388,0.19546657312287957
2025_1136_1251,0.3515505909598674
2025_1251_1266,0.2670188481366255
2025_1140_1251,0.7870596745691264
2025_1251_1397,0.24909565954189838
2025_1251_1270,0.6398816182720573
2025_1251_1268,0.23864385249720727
2025_1251_1400,0.21737068483379066
2025_1251_1401,0.3336191059488201
2025_1251_1403,0.35311195321889094
2025_1251_1276,0.29175983381457027
2025_1251_1277,0.18661168364835032
2025_1251_1407,0.5152455448292504
2025_1124_1252,0.7401412646675605
2025_1124_1257,0.39085498228876697
2025_1124_1385,0.6388894610553865
2025_1124_1388,0.38611284078680425
2025_1124_1136,0.8268425501872607
2025_1124_1266,0.4853519231365863
2025_1124_1140,0.4119117626525012
2025_1124_1397,0.46201095145259496
2025_1124_1270,0.8214264782128914
2025_1124_1268,0.4479548715749384
2025_1124_1400,0.4182738639389412
2025_1124_1401,0.5644716285417738
2025_1124_1403,0.5855995871448145
2025_1124_1276,0.5160792996135422
2025_1124_1277,0.3726214530190311
2025_1124_1407,0.7334490545038376
2025_1252_1257,0.18385858699938143
2025_1252_1385,0.3831608006927301
2025_1252_1388,0.18088212302974704
2025_1136_1252,0.37361904800968043
2025_1252_1266,0.248746274873323
2025_1140_1252,0.8026278969091302
2025_1252_1397,0.23166195614755644
2025_1252_1270,0.6175922655248769
2025_1252_1268,0.22172565377494372
2025_1252_1400,0.20156134692279992
2025_1252_1401,0.3127334918254347
2025_1252_1403,0.3316132938933866
2025_1252_1276,0.27242344572724336
2025_1252_1277,0.17254623060750277
2025_1252_1407,0.49137380205004066
2025_1257_1385,0.7338598038963013
2025_1257_1388,0.4950166587573865
2025_1136_1257,0.1184548112650652
2025_1257_1266,0.595111814445811
2025_1140_1257,0.47810844200212244
2025_1257_1397,0.5723627886693837
2025_1257_1270,0.8775884993875626
2025_1257_1268,0.5584342969802137
2025_1257_1400,0.5284402835679681
2025_1257_1401,0.6688697683395898
2025_1257_1403,0.6877349169830851
2025_1257_1276,0.6243578757888333
2025_1257_1277,0.48069968881621267
2025_1257_1407,0.810910952789944
2025_1385_1388,0.26226575131792695
2025_1136_1385,0.27034406956919776
2025_1266_1385,0.6523029298114191
2025_1140_1385,0.7163941028463062
2025_1385_1397,0.326778133554102
2025_1270_1385,0.27777834427068726
2025_1268_1385,0.6855739580350683
2025_1385_1400,0.28896681048809086
2025_1385_1401,0.4228185155375946
2025_1385_1403,0.44405021712943027
2025_1276_1385,0.6239215059017446
2025_1277_1385,0.7486764983915345
2025_1385_1407,0.6086518520764111
2025_1136_1388,0.1163861684085692
2025_1266_1388,0.4000993055744293
2025_1140_1388,0.4731299220244278
2025_1388_1397,0.5772420906240809
2025_1270_1388,0.12028464377898096
2025_1268_1388,0.4366617657636661
2025_1388_1400,0.5334122004321464
2025_1388_1401,0.673276498966144
2025_1388_1403,0.6920061928440885
2025_1276_1388,0.37098298143832464
2025_1277_1388,0.5143303764652616
2025_1388_1407,0.8139531685165372
2025_1136_1266,0.16492454323957217
2025_1136_1140,0.12791813683392875
2025_1136_1397,0.15242914663008691
2025_1136_1270,0.4906553580738537
2025_1136_1268,0.1452488051390315
2025_1136_1400,0.1308699895186962
2025_1136_1401,0.21347668013990018
2025_1136_1403,0.22835531376376278
2025_1136_1276,0.18256194741837362
2025_1136_1277,0.1106211475183063
2025_1136_1407,0.3655785754100663
2025_1140_1266,0.5738284288902763
2025_1266_1397,0.4766122071364959
2025_1266_1270,0.829865191307496
2025_1266_1268,0.4624937899004622
2025_1266_1400,0.4326043550143658
2025_1266_1401,0.5788270815883092
2025_1266_1403,0.5997524340235646
2025_1266_1276,0.5307036950245668
2025_1266_1277,0.3864268390795433
2025_1266_1407,0.7447533711623271
2025_1140_1397,0.5507862332541393
2025_1140_1270,0.8678566857659408
2025_1140_1268,0.5367238014432745
2025_1140_1400,0.5065581554137252
2025_1140_1401,0.6491779359180331
2025_1140_1403,0.6686091316847704
2025_1140_1276,0.6035877904243886
2025_1140_1277,0.45887075566306545
2025_1140_1407,0.7971037790672041
2025_1270_1397,0.15731996991568012
2025_1268_1397,0.5141738383177239
2025_1397_1400,0.4557181860080388
2025_1397_1401,0.6014717110967661
2025_1397_1403,0.622006703366356
2025_1276_1397,0.44606806610944677
2025_1277_1397,0.5911615091878759
2025_1397_1407,0.762142825558187
2025_1268_1270,0.8500511374011378
2025_1270_1400,0.13517939487439262
2025_1270_1401,0.2198182600983646
2025_1270_1403,0.23500681899282358
2025_1270_1276,0.1882049198126491
2025_1270_1277,0.11435150796563248
2025_1270_1407,0.3742883364033549
2025_1268_1400,0.46981095793896727
2025_1268_1401,0.6149790225624884
2025_1268_1403,0.63524010410969
2025_1268_1276,0.5679027572205984
2025_1268_1277,0.422620069771168
2025_1268_1407,0.7722663757325947
2025_1400_1401,0.6431855209394048
2025_1400_1403,0.6627762096666137
2025_1276_1400,0.40271048582885527
2025_1277_1400,0.5476438350581159
2025_1400_1407,0.7928317547445137
2025_1401_1403,0.5216085720943019
2025_1276_1401,0.5485984684481746
2025_1277_1401,0.6857552967948173
2025_1401_1407,0.6798053335428593
2025_1276_1403,0.5699097434998157
2025_1277_1403,0.704084044486424
2025_1403_1407,0.6606969087932523
2025_1276_1277,0.3577122037701499
2025_1276_1407,0.7206870382644056
2025_1277_1407,0.8224756988728252
